{"stats":{"minecraft:killed_by":{"minecraft:skeleton":1},"minecraft:custom":{"minecraft:jump":32,"minecraft:time_since_rest":314,"minecraft:leave_game":1,"minecraft:deaths":1,"minecraft:damage_dealt":44,"minecraft:crouch_one_cm":23,"minecraft:walk_on_water_one_cm":508,"minecraft:sprint_one_cm":9625,"minecraft:play_time":15581,"minecraft:damage_taken":250,"minecraft:time_since_death":0,"minecraft:walk_one_cm":6143,"minecraft:sneak_time":40,"minecraft:total_world_time":15581,"minecraft:walk_under_water_one_cm":56,"minecraft:swim_one_cm":4619,"minecraft:fall_one_cm":693,"minecraft:fly_one_cm":4204}},"DataVersion":2975}