{"stats":{"minecraft:mined":{"minecraft:grass":1,"gravestone:gravestone":1},"minecraft:killed_by":{"minecraft:zombie":1},"minecraft:dropped":{"thermal:radish_seeds":1},"minecraft:picked_up":{"thermal:radish_seeds":1},"minecraft:custom":{"minecraft:jump":29,"minecraft:time_since_rest":12683,"minecraft:leave_game":1,"minecraft:damage_dealt":63,"minecraft:sprint_one_cm":4937,"minecraft:deaths":1,"minecraft:play_time":29946,"minecraft:damage_taken":380,"minecraft:time_since_death":834,"minecraft:walk_one_cm":5287,"minecraft:total_world_time":29946,"minecraft:mob_kills":1,"minecraft:drop":1,"minecraft:fall_one_cm":902,"minecraft:fly_one_cm":5110}},"DataVersion":2975}