{"stats":{"minecraft:dropped":{"minecraft:glass_bottle":1,"gravestone:obituary":1,"minecraft:light_gray_wool":1,"minecraft:wooden_pickaxe":1,"thermal:radish_seeds":1},"minecraft:killed":{"minecraft:sheep":6,"minecraft:zombie":1,"minecraft:pig":7},"minecraft:used":{"minecraft:cooked_mutton":3,"minecraft:stone_sword":34,"minecraft:glass_bottle":2,"minecraft:stone_pickaxe":8,"minecraft:wooden_pickaxe":11,"minecraft:stone_axe":13,"minecraft:dirt":9,"minecraft:potion":3,"minecraft:crafting_table":2,"minecraft:furnace":1,"minecraft:oak_sapling":1},"minecraft:killed_by":{"minecraft:zombie":1},"minecraft:mined":{"minecraft:furnace":1,"minecraft:crafting_table":2,"gravestone:gravestone":1,"minecraft:grass":1,"minecraft:grass_block":4,"minecraft:oak_log":18,"minecraft:dirt":6,"appletreesrev:apple_plant":1,"minecraft:stone":16,"minecraft:oak_leaves":4},"minecraft:picked_up":{"minecraft:crafting_table":2,"minecraft:brown_wool":1,"minecraft:porkchop":11,"minecraft:oak_log":18,"minecraft:dirt":10,"thermal:radish_seeds":1,"minecraft:light_gray_wool":1,"minecraft:oak_sapling":1,"minecraft:black_wool":1,"minecraft:mutton":11,"minecraft:furnace":1,"minecraft:white_wool":3,"minecraft:cobblestone":16,"minecraft:egg":3},"minecraft:custom":{"minecraft:time_since_rest":38417,"minecraft:interact_with_furnace":9,"minecraft:sprint_one_cm":21809,"minecraft:damage_taken":485,"minecraft:walk_one_cm":48621,"minecraft:mob_kills":15,"minecraft:drop":5,"minecraft:damage_dealt":1493,"minecraft:swim_one_cm":1440,"minecraft:interact_with_crafting_table":3,"minecraft:fly_one_cm":29271,"minecraft:crouch_one_cm":759,"minecraft:play_time":55680,"minecraft:deaths":1,"minecraft:sneak_time":301,"minecraft:walk_under_water_one_cm":89,"minecraft:jump":231,"minecraft:time_since_death":26568,"minecraft:leave_game":2,"minecraft:walk_on_water_one_cm":445,"minecraft:total_world_time":55680,"minecraft:fall_one_cm":6705},"minecraft:crafted":{"minecraft:oak_planks":32,"minecraft:crafting_table":1,"minecraft:stick":8,"minecraft:wooden_pickaxe":1,"minecraft:stone_pickaxe":1,"minecraft:stone_sword":1,"minecraft:furnace":1,"minecraft:stone_axe":1,"minecraft:air":0,"minecraft:cooked_mutton":7}},"DataVersion":2975}